[{"model": "reservationhub.gare", "pk": 1, "fields": {"nom": "Toulouse Matabiau", "latitude": "0E-9", "longitude": "0E-9"}}, {"model": "reservationhub.gare", "pk": 2, "fields": {"nom": "Lyon Part Dieu", "latitude": "0E-9", "longitude": "0E-9"}}, {"model": "reservationhub.gare", "pk": 3, "fields": {"nom": "Paris Gare de Lyon", "latitude": "0E-9", "longitude": "0E-9"}}, {"model": "reservationhub.gare", "pk": 4, "fields": {"nom": "Saint-Etienne Chateaucreux", "latitude": "0E-9", "longitude": "0E-9"}}, {"model": "reservationhub.gare", "pk": 5, "fields": {"nom": "Montpellier Sud de France", "latitude": "0E-9", "longitude": "0E-9"}}, {"model": "reservationhub.gare", "pk": 6, "fields": {"nom": "Lyon Perrache", "latitude": "0E-9", "longitude": "0E-9"}}, {"model": "reservationhub.gare", "pk": 7, "fields": {"nom": "Bordeaux-Saint-Jean", "latitude": "0E-9", "longitude": "0E-9"}}, {"model": "reservationhub.gare", "pk": 8, "fields": {"nom": "Strasbourg", "latitude": "48.585300000", "longitude": "7.734100000"}}, {"model": "reservationhub.trajet", "pk": 1, "fields": {"gare_depart": 1, "date_heure_depart": "2024-04-26T14:45:00Z", "gare_arrivee": 2, "date_heure_arrivee": "2024-04-26T19:15:00Z"}}, {"model": "reservationhub.trajet", "pk": 2, "fields": {"gare_depart": 2, "date_heure_depart": "2024-04-28T10:00:00Z", "gare_arrivee": 4, "date_heure_arrivee": "2024-04-28T10:58:00Z"}}, {"model": "reservationhub.trajet", "pk": 3, "fields": {"gare_depart": 5, "date_heure_depart": "2024-04-27T16:00:00Z", "gare_arrivee": 2, "date_heure_arrivee": "2024-04-27T17:57:00Z"}}, {"model": "reservationhub.trajet", "pk": 4, "fields": {"gare_depart": 6, "date_heure_depart": "2024-04-22T04:00:00Z", "gare_arrivee": 2, "date_heure_arrivee": "2024-04-22T04:12:00Z"}}, {"model": "reservationhub.trajet", "pk": 5, "fields": {"gare_depart": 3, "date_heure_depart": "2024-04-25T14:00:00Z", "gare_arrivee": 2, "date_heure_arrivee": "2024-04-25T16:02:00Z"}}, {"model": "reservationhub.trajet", "pk": 6, "fields": {"gare_depart": 2, "date_heure_depart": "2024-05-30T14:53:00Z", "gare_arrivee": 1, "date_heure_arrivee": "2024-05-30T19:16:00Z"}}, {"model": "reservationhub.trajet", "pk": 7, "fields": {"gare_depart": 1, "date_heure_depart": "2024-05-30T20:00:00Z", "gare_arrivee": 7, "date_heure_arrivee": "2024-05-30T21:55:00Z"}}, {"model": "reservationhub.trajet", "pk": 10, "fields": {"gare_depart": 2, "date_heure_depart": "2024-05-21T13:41:00Z", "gare_arrivee": 5, "date_heure_arrivee": "2024-05-21T16:13:39Z"}}, {"model": "reservationhub.trajet", "pk": 12, "fields": {"gare_depart": 7, "date_heure_depart": "2024-05-10T17:24:00Z", "gare_arrivee": 1, "date_heure_arrivee": "2024-05-10T19:51:00Z"}}, {"model": "reservationhub.trajet", "pk": 13, "fields": {"gare_depart": 2, "date_heure_depart": "2024-05-16T07:39:00Z", "gare_arrivee": 7, "date_heure_arrivee": "2024-05-16T12:12:00Z"}}, {"model": "reservationhub.trajet", "pk": 15, "fields": {"gare_depart": 5, "date_heure_depart": "2024-05-18T08:10:00Z", "gare_arrivee": 3, "date_heure_arrivee": "2024-05-18T12:51:00Z"}}, {"model": "reservationhub.trajet", "pk": 16, "fields": {"gare_depart": 8, "date_heure_depart": "2024-05-17T04:47:00Z", "gare_arrivee": 5, "date_heure_arrivee": "2024-05-17T10:54:33Z"}}, {"model": "reservationhub.trajet", "pk": 17, "fields": {"gare_depart": 5, "date_heure_depart": "2024-05-17T11:06:00Z", "gare_arrivee": 1, "date_heure_arrivee": "2024-05-17T13:18:00Z"}}, {"model": "reservationhub.passager", "pk": 8, "fields": {"nom": "Girl", "prenom": "Baba", "date_naissance": "2002-05-17", "utilisateur": 2}}, {"model": "reservationhub.passager", "pk": 9, "fields": {"nom": "Boy", "prenom": "Baba", "date_naissance": "2002-05-22", "utilisateur": 2}}, {"model": "reservationhub.passager", "pk": 12, "fields": {"nom": "User2", "prenom": "Test", "date_naissance": "2004-07-21", "utilisateur": 7}}, {"model": "reservationhub.passager", "pk": 13, "fields": {"nom": "Salboque", "prenom": "Lola", "date_naissance": "2003-06-12", "utilisateur": 7}}, {"model": "reservationhub.passager", "pk": 14, "fields": {"nom": "Giraud", "prenom": "Loris", "date_naissance": "2003-01-24", "utilisateur": 8}}, {"model": "reservationhub.passager", "pk": 15, "fields": {"nom": "Baby", "prenom": "Ba", "date_naissance": "2023-06-05", "utilisateur": 2}}, {"model": "reservationhub.passager", "pk": 16, "fields": {"nom": "David", "prenom": "Marie", "date_naissance": "2002-12-20", "utilisateur": 10}}, {"model": "reservationhub.client", "pk": 1, "fields": {"user": 1, "adresse": "10 Chemin de Toulouse,", "telephone": "06 00 00 00 00", "passager": null}}, {"model": "reservationhub.client", "pk": 2, "fields": {"user": 2, "adresse": "10 Chemin de la Dédicace", "telephone": "06 00 00 00 01", "passager": null}}, {"model": "reservationhub.client", "pk": 3, "fields": {"user": 7, "adresse": "1 Route de France", "telephone": "06 00 11 22 33", "passager": null}}, {"model": "reservationhub.client", "pk": 4, "fields": {"user": 8, "adresse": "Epinouze", "telephone": "06 00 88 99 44", "passager": null}}, {"model": "reservationhub.client", "pk": 5, "fields": {"user": 9, "adresse": "aa", "telephone": "00000000", "passager": null}}, {"model": "reservationhub.client", "pk": 6, "fields": {"user": 10, "adresse": "5 Chemin de Strasbourg", "telephone": "07 66 60 66 60", "passager": null}}, {"model": "reservationhub.reservation", "pk": 1, "fields": {"date_reservation": "2024-04-22", "numero_reservation": "8963A24", "numero_place": 14, "passager": 8, "trajet": 1, "utilisateur_reservation": 2}}, {"model": "reservationhub.reservation", "pk": 4, "fields": {"date_reservation": "2024-04-26", "numero_reservation": "GHXP9UAC", "numero_place": 18, "passager": 8, "trajet": 1, "utilisateur_reservation": 2}}, {"model": "reservationhub.reservation", "pk": 5, "fields": {"date_reservation": "2024-04-26", "numero_reservation": "C6LYA9BR", "numero_place": 9, "passager": 8, "trajet": 1, "utilisateur_reservation": 2}}, {"model": "reservationhub.reservation", "pk": 6, "fields": {"date_reservation": "2024-04-26", "numero_reservation": "TPH9CDU1", "numero_place": 190, "passager": 8, "trajet": 1, "utilisateur_reservation": 2}}, {"model": "reservationhub.reservation", "pk": 7, "fields": {"date_reservation": "2024-04-26", "numero_reservation": "1J4AFPKV", "numero_place": 153, "passager": 13, "trajet": 5, "utilisateur_reservation": 3}}, {"model": "reservationhub.reservation", "pk": 8, "fields": {"date_reservation": "2024-04-26", "numero_reservation": "L3NWXBGN", "numero_place": 120, "passager": 14, "trajet": 1, "utilisateur_reservation": 4}}, {"model": "reservationhub.reservation", "pk": 9, "fields": {"date_reservation": "2024-04-26", "numero_reservation": "QCQ1C5RV", "numero_place": 40, "passager": 8, "trajet": 5, "utilisateur_reservation": 2}}, {"model": "reservationhub.reservation", "pk": 10, "fields": {"date_reservation": "2024-04-29", "numero_reservation": "BNL5LGJE", "numero_place": 50, "passager": 9, "trajet": 1, "utilisateur_reservation": 2}}, {"model": "reservationhub.reservation", "pk": 11, "fields": {"date_reservation": "2024-05-06", "numero_reservation": "O9B0CMK9", "numero_place": 42, "passager": 15, "trajet": 1, "utilisateur_reservation": 2}}, {"model": "reservationhub.reservation", "pk": 12, "fields": {"date_reservation": "2024-05-06", "numero_reservation": "3AAPK4L3", "numero_place": 63, "passager": 16, "trajet": 16, "utilisateur_reservation": 6}}, {"model": "reservationhub.reservation", "pk": 13, "fields": {"date_reservation": "2024-05-06", "numero_reservation": "T8Q9E4K8", "numero_place": 13, "passager": 16, "trajet": 17, "utilisateur_reservation": 6}}, {"model": "admin.logentry", "pk": 1, "fields": {"action_time": "2024-04-22T14:44:53.712Z", "user": 1, "content_type": 1, "object_id": "1", "object_repr": "Toulouse Matabiau", "action_flag": 1, "change_message": "[{\"added\": {}}]"}}, {"model": "admin.logentry", "pk": 2, "fields": {"action_time": "2024-04-22T14:44:59.906Z", "user": 1, "content_type": 1, "object_id": "2", "object_repr": "Lyon Part Dieu", "action_flag": 1, "change_message": "[{\"added\": {}}]"}}, {"model": "admin.logentry", "pk": 3, "fields": {"action_time": "2024-04-22T14:45:06.368Z", "user": 1, "content_type": 1, "object_id": "3", "object_repr": "Paris Gare de Lyon", "action_flag": 1, "change_message": "[{\"added\": {}}]"}}, {"model": "admin.logentry", "pk": 4, "fields": {"action_time": "2024-04-22T14:45:16.202Z", "user": 1, "content_type": 1, "object_id": "4", "object_repr": "Saint-Etienne Chateaucreux", "action_flag": 1, "change_message": "[{\"added\": {}}]"}}, {"model": "admin.logentry", "pk": 5, "fields": {"action_time": "2024-04-22T14:45:21.991Z", "user": 1, "content_type": 1, "object_id": "5", "object_repr": "Montpellier Sud de France", "action_flag": 1, "change_message": "[{\"added\": {}}]"}}, {"model": "admin.logentry", "pk": 6, "fields": {"action_time": "2024-04-22T14:45:33.074Z", "user": 1, "content_type": 1, "object_id": "6", "object_repr": "Lyon Perrache", "action_flag": 1, "change_message": "[{\"added\": {}}]"}}, {"model": "admin.logentry", "pk": 7, "fields": {"action_time": "2024-04-22T14:49:26.468Z", "user": 1, "content_type": 2, "object_id": "1", "object_repr": "Toulouse Matabiau -> Lyon Part Dieu", "action_flag": 1, "change_message": "[{\"added\": {}}]"}}, {"model": "admin.logentry", "pk": 8, "fields": {"action_time": "2024-04-22T14:49:52.637Z", "user": 1, "content_type": 2, "object_id": "2", "object_repr": "Lyon Part Dieu -> Saint-Etienne Chateaucreux", "action_flag": 1, "change_message": "[{\"added\": {}}]"}}, {"model": "admin.logentry", "pk": 9, "fields": {"action_time": "2024-04-22T14:50:18.375Z", "user": 1, "content_type": 2, "object_id": "3", "object_repr": "Montpellier Sud de France -> Lyon Part Dieu", "action_flag": 1, "change_message": "[{\"added\": {}}]"}}, {"model": "admin.logentry", "pk": 10, "fields": {"action_time": "2024-04-22T14:50:48.904Z", "user": 1, "content_type": 2, "object_id": "4", "object_repr": "Lyon Perrache -> Lyon Part Dieu", "action_flag": 1, "change_message": "[{\"added\": {}}]"}}, {"model": "admin.logentry", "pk": 11, "fields": {"action_time": "2024-04-22T14:51:18.214Z", "user": 1, "content_type": 2, "object_id": "5", "object_repr": "Paris Gare de Lyon -> Lyon Part Dieu", "action_flag": 1, "change_message": "[{\"added\": {}}]"}}, {"model": "admin.logentry", "pk": 12, "fields": {"action_time": "2024-04-22T14:51:27.240Z", "user": 1, "content_type": 4, "object_id": "1", "object_repr": " ", "action_flag": 1, "change_message": "[{\"added\": {}}]"}}, {"model": "admin.logentry", "pk": 13, "fields": {"action_time": "2024-04-22T14:55:56.315Z", "user": 1, "content_type": 9, "object_id": "2", "object_repr": "bababoy", "action_flag": 1, "change_message": "[{\"added\": {}}]"}}, {"model": "admin.logentry", "pk": 14, "fields": {"action_time": "2024-04-22T14:57:03.876Z", "user": 1, "content_type": 4, "object_id": "2", "object_repr": " ", "action_flag": 1, "change_message": "[{\"added\": {}}]"}}, {"model": "admin.logentry", "pk": 15, "fields": {"action_time": "2024-04-22T14:57:40.681Z", "user": 1, "content_type": 3, "object_id": "1", "object_repr": "Baba Boy", "action_flag": 1, "change_message": "[{\"added\": {}}]"}}, {"model": "admin.logentry", "pk": 16, "fields": {"action_time": "2024-04-22T14:58:19.394Z", "user": 1, "content_type": 4, "object_id": "2", "object_repr": " ", "action_flag": 2, "change_message": "[]"}}, {"model": "admin.logentry", "pk": 17, "fields": {"action_time": "2024-04-22T14:59:06.451Z", "user": 1, "content_type": 5, "object_id": "1", "object_repr": "Réservation 8963A24 - Baba Boy", "action_flag": 1, "change_message": "[{\"added\": {}}]"}}, {"model": "admin.logentry", "pk": 18, "fields": {"action_time": "2024-04-22T15:04:04.971Z", "user": 1, "content_type": 9, "object_id": "2", "object_repr": "bababoy", "action_flag": 2, "change_message": "[{\"changed\": {\"fields\": [\"First name\", \"Last name\", \"Email address\"]}}]"}}, {"model": "admin.logentry", "pk": 19, "fields": {"action_time": "2024-04-22T15:04:20.462Z", "user": 1, "content_type": 9, "object_id": "1", "object_repr": "rayene.hassan", "action_flag": 2, "change_message": "[{\"changed\": {\"fields\": [\"First name\", \"Last name\"]}}]"}}, {"model": "admin.logentry", "pk": 20, "fields": {"action_time": "2024-04-25T22:40:01.009Z", "user": 1, "content_type": 3, "object_id": "4", "object_repr": "Baba Girl", "action_flag": 3, "change_message": ""}}, {"model": "admin.logentry", "pk": 21, "fields": {"action_time": "2024-04-25T22:40:14.446Z", "user": 1, "content_type": 3, "object_id": "3", "object_repr": "Baba Girl", "action_flag": 3, "change_message": ""}}, {"model": "admin.logentry", "pk": 22, "fields": {"action_time": "2024-04-25T22:40:18.216Z", "user": 1, "content_type": 3, "object_id": "6", "object_repr": "Baba Girl", "action_flag": 3, "change_message": ""}}, {"model": "admin.logentry", "pk": 23, "fields": {"action_time": "2024-04-25T22:40:22.519Z", "user": 1, "content_type": 3, "object_id": "5", "object_repr": "Baba Girl", "action_flag": 3, "change_message": ""}}, {"model": "admin.logentry", "pk": 24, "fields": {"action_time": "2024-04-26T01:59:31.556Z", "user": 1, "content_type": 3, "object_id": "11", "object_repr": "Baba BoyBoyBoy", "action_flag": 3, "change_message": ""}}, {"model": "admin.logentry", "pk": 25, "fields": {"action_time": "2024-04-26T01:59:34.977Z", "user": 1, "content_type": 3, "object_id": "10", "object_repr": "Baba BoyBoy", "action_flag": 3, "change_message": ""}}, {"model": "admin.logentry", "pk": 26, "fields": {"action_time": "2024-04-26T01:59:38.850Z", "user": 1, "content_type": 3, "object_id": "8", "object_repr": "Baba Girl", "action_flag": 2, "change_message": "[{\"changed\": {\"fields\": [\"Nom\"]}}]"}}, {"model": "admin.logentry", "pk": 27, "fields": {"action_time": "2024-04-26T01:59:43.165Z", "user": 1, "content_type": 3, "object_id": "7", "object_repr": "Baba Girl", "action_flag": 3, "change_message": ""}}, {"model": "admin.logentry", "pk": 28, "fields": {"action_time": "2024-04-26T01:59:47.496Z", "user": 1, "content_type": 3, "object_id": "8", "object_repr": "Baba Girl", "action_flag": 2, "change_message": "[]"}}, {"model": "admin.logentry", "pk": 29, "fields": {"action_time": "2024-04-26T01:59:52.556Z", "user": 1, "content_type": 3, "object_id": "9", "object_repr": "Baba Boy", "action_flag": 2, "change_message": "[]"}}, {"model": "admin.logentry", "pk": 30, "fields": {"action_time": "2024-04-26T02:00:04.627Z", "user": 1, "content_type": 3, "object_id": "2", "object_repr": "Rayene Hassan", "action_flag": 3, "change_message": ""}}, {"model": "admin.logentry", "pk": 31, "fields": {"action_time": "2024-04-26T02:21:25.367Z", "user": 1, "content_type": 9, "object_id": "4", "object_repr": "testuser", "action_flag": 3, "change_message": ""}}, {"model": "admin.logentry", "pk": 32, "fields": {"action_time": "2024-04-26T02:21:59.544Z", "user": 1, "content_type": 9, "object_id": "5", "object_repr": "testuser2", "action_flag": 3, "change_message": ""}}, {"model": "admin.logentry", "pk": 33, "fields": {"action_time": "2024-04-29T12:47:29.877Z", "user": 1, "content_type": 3, "object_id": "1", "object_repr": "Baba Boy", "action_flag": 3, "change_message": ""}}, {"model": "admin.logentry", "pk": 34, "fields": {"action_time": "2024-04-29T14:53:31.226Z", "user": 1, "content_type": 2, "object_id": "6", "object_repr": "Lyon Part Dieu -> Toulouse Matabiau", "action_flag": 1, "change_message": "[{\"added\": {}}]"}}, {"model": "admin.logentry", "pk": 35, "fields": {"action_time": "2024-04-29T14:54:24.292Z", "user": 1, "content_type": 1, "object_id": "7", "object_repr": "Bordeaux-Saint-Jean", "action_flag": 1, "change_message": "[{\"added\": {}}]"}}, {"model": "admin.logentry", "pk": 36, "fields": {"action_time": "2024-04-29T14:55:13.089Z", "user": 1, "content_type": 2, "object_id": "7", "object_repr": "Toulouse Matabiau -> Bordeaux-Saint-Jean", "action_flag": 1, "change_message": "[{\"added\": {}}]"}}, {"model": "admin.logentry", "pk": 37, "fields": {"action_time": "2024-04-29T14:55:55.201Z", "user": 1, "content_type": 12, "object_id": "1", "object_repr": "Lyon Part Dieu -> Toulouse Matabiau -> Toulouse Matabiau -> Bordeaux-Saint-Jean (Attente: 0:00:44)", "action_flag": 1, "change_message": "[{\"added\": {}}]"}}, {"model": "admin.logentry", "pk": 38, "fields": {"action_time": "2024-04-29T14:56:05.548Z", "user": 1, "content_type": 12, "object_id": "1", "object_repr": "Lyon Part Dieu -> Toulouse Matabiau -> Toulouse Matabiau -> Bordeaux-Saint-Jean (Attente: 0:44:00)", "action_flag": 2, "change_message": "[{\"changed\": {\"fields\": [\"Duree attente\"]}}]"}}, {"model": "admin.logentry", "pk": 39, "fields": {"action_time": "2024-05-03T15:02:33.503Z", "user": 1, "content_type": 2, "object_id": "8", "object_repr": "Lyon Part Dieu -> Bordeaux-Saint-Jean", "action_flag": 1, "change_message": "[{\"added\": {}}]"}}, {"model": "admin.logentry", "pk": 40, "fields": {"action_time": "2024-05-05T14:02:17.011Z", "user": 1, "content_type": 2, "object_id": "8", "object_repr": "Lyon Part Dieu -> Bordeaux-Saint-Jean", "action_flag": 3, "change_message": ""}}, {"model": "admin.logentry", "pk": 41, "fields": {"action_time": "2024-05-05T16:09:53.861Z", "user": 1, "content_type": 2, "object_id": "9", "object_repr": "Lyon Part Dieu -> Bordeaux-Saint-Jean", "action_flag": 1, "change_message": "[{\"added\": {}}]"}}, {"model": "admin.logentry", "pk": 42, "fields": {"action_time": "2024-05-05T16:41:54.187Z", "user": 1, "content_type": 2, "object_id": "10", "object_repr": "Lyon Part Dieu -> Montpellier Sud de France", "action_flag": 1, "change_message": "[{\"added\": {}}]"}}, {"model": "admin.logentry", "pk": 43, "fields": {"action_time": "2024-05-05T16:42:32.850Z", "user": 1, "content_type": 2, "object_id": "11", "object_repr": "Montpellier Sud de France -> Bordeaux-Saint-Jean", "action_flag": 1, "change_message": "[{\"added\": {}}]"}}, {"model": "admin.logentry", "pk": 44, "fields": {"action_time": "2024-05-05T17:24:34.266Z", "user": 1, "content_type": 2, "object_id": "12", "object_repr": "Bordeaux-Saint-Jean -> Toulouse Matabiau", "action_flag": 1, "change_message": "[{\"added\": {}}]"}}, {"model": "admin.logentry", "pk": 45, "fields": {"action_time": "2024-05-05T17:31:49.735Z", "user": 1, "content_type": 2, "object_id": "9", "object_repr": "Lyon Part Dieu -> Bordeaux-Saint-Jean", "action_flag": 3, "change_message": ""}}, {"model": "admin.logentry", "pk": 46, "fields": {"action_time": "2024-05-05T17:32:24.498Z", "user": 1, "content_type": 2, "object_id": "11", "object_repr": "Montpellier Sud de France -> Bordeaux-Saint-Jean", "action_flag": 3, "change_message": ""}}, {"model": "admin.logentry", "pk": 47, "fields": {"action_time": "2024-05-06T07:39:42.514Z", "user": 1, "content_type": 2, "object_id": "13", "object_repr": "Lyon Part Dieu -> Bordeaux-Saint-Jean", "action_flag": 1, "change_message": "[{\"added\": {}}]"}}, {"model": "admin.logentry", "pk": 48, "fields": {"action_time": "2024-05-06T08:09:34.063Z", "user": 1, "content_type": 2, "object_id": "14", "object_repr": "Montpellier Sud de France -> Toulouse Matabiau", "action_flag": 1, "change_message": "[{\"added\": {}}]"}}, {"model": "admin.logentry", "pk": 49, "fields": {"action_time": "2024-05-06T08:10:20.126Z", "user": 1, "content_type": 2, "object_id": "15", "object_repr": "Montpellier Sud de France -> Paris Gare de Lyon", "action_flag": 1, "change_message": "[{\"added\": {}}]"}}, {"model": "admin.logentry", "pk": 50, "fields": {"action_time": "2024-05-06T14:38:43.045Z", "user": 1, "content_type": 1, "object_id": "8", "object_repr": "Strasbourg", "action_flag": 1, "change_message": "[{\"added\": {}}]"}}, {"model": "admin.logentry", "pk": 51, "fields": {"action_time": "2024-05-06T14:40:52.667Z", "user": 1, "content_type": 2, "object_id": "16", "object_repr": "Strasbourg -> Montpellier Sud de France", "action_flag": 1, "change_message": "[{\"added\": {}}]"}}, {"model": "admin.logentry", "pk": 52, "fields": {"action_time": "2024-05-06T14:41:37.118Z", "user": 1, "content_type": 2, "object_id": "17", "object_repr": "Montpellier Sud de France -> Toulouse Matabiau", "action_flag": 1, "change_message": "[{\"added\": {}}]"}}, {"model": "admin.logentry", "pk": 53, "fields": {"action_time": "2024-05-06T14:42:17.451Z", "user": 1, "content_type": 2, "object_id": "14", "object_repr": "Montpellier Sud de France -> Toulouse Matabiau", "action_flag": 3, "change_message": ""}}, {"model": "auth.permission", "pk": 1, "fields": {"name": "Can add gare", "content_type": 1, "codename": "add_gare"}}, {"model": "auth.permission", "pk": 2, "fields": {"name": "Can change gare", "content_type": 1, "codename": "change_gare"}}, {"model": "auth.permission", "pk": 3, "fields": {"name": "Can delete gare", "content_type": 1, "codename": "delete_gare"}}, {"model": "auth.permission", "pk": 4, "fields": {"name": "Can view gare", "content_type": 1, "codename": "view_gare"}}, {"model": "auth.permission", "pk": 5, "fields": {"name": "Can add trajet", "content_type": 2, "codename": "add_trajet"}}, {"model": "auth.permission", "pk": 6, "fields": {"name": "Can change trajet", "content_type": 2, "codename": "change_trajet"}}, {"model": "auth.permission", "pk": 7, "fields": {"name": "Can delete trajet", "content_type": 2, "codename": "delete_trajet"}}, {"model": "auth.permission", "pk": 8, "fields": {"name": "Can view trajet", "content_type": 2, "codename": "view_trajet"}}, {"model": "auth.permission", "pk": 9, "fields": {"name": "Can add passager", "content_type": 3, "codename": "add_passager"}}, {"model": "auth.permission", "pk": 10, "fields": {"name": "Can change passager", "content_type": 3, "codename": "change_passager"}}, {"model": "auth.permission", "pk": 11, "fields": {"name": "Can delete passager", "content_type": 3, "codename": "delete_passager"}}, {"model": "auth.permission", "pk": 12, "fields": {"name": "Can view passager", "content_type": 3, "codename": "view_passager"}}, {"model": "auth.permission", "pk": 13, "fields": {"name": "Can add client", "content_type": 4, "codename": "add_client"}}, {"model": "auth.permission", "pk": 14, "fields": {"name": "Can change client", "content_type": 4, "codename": "change_client"}}, {"model": "auth.permission", "pk": 15, "fields": {"name": "Can delete client", "content_type": 4, "codename": "delete_client"}}, {"model": "auth.permission", "pk": 16, "fields": {"name": "Can view client", "content_type": 4, "codename": "view_client"}}, {"model": "auth.permission", "pk": 17, "fields": {"name": "Can add reservation", "content_type": 5, "codename": "add_reservation"}}, {"model": "auth.permission", "pk": 18, "fields": {"name": "Can change reservation", "content_type": 5, "codename": "change_reservation"}}, {"model": "auth.permission", "pk": 19, "fields": {"name": "Can delete reservation", "content_type": 5, "codename": "delete_reservation"}}, {"model": "auth.permission", "pk": 20, "fields": {"name": "Can view reservation", "content_type": 5, "codename": "view_reservation"}}, {"model": "auth.permission", "pk": 21, "fields": {"name": "Can add log entry", "content_type": 6, "codename": "add_logentry"}}, {"model": "auth.permission", "pk": 22, "fields": {"name": "Can change log entry", "content_type": 6, "codename": "change_logentry"}}, {"model": "auth.permission", "pk": 23, "fields": {"name": "Can delete log entry", "content_type": 6, "codename": "delete_logentry"}}, {"model": "auth.permission", "pk": 24, "fields": {"name": "Can view log entry", "content_type": 6, "codename": "view_logentry"}}, {"model": "auth.permission", "pk": 25, "fields": {"name": "Can add permission", "content_type": 7, "codename": "add_permission"}}, {"model": "auth.permission", "pk": 26, "fields": {"name": "Can change permission", "content_type": 7, "codename": "change_permission"}}, {"model": "auth.permission", "pk": 27, "fields": {"name": "Can delete permission", "content_type": 7, "codename": "delete_permission"}}, {"model": "auth.permission", "pk": 28, "fields": {"name": "Can view permission", "content_type": 7, "codename": "view_permission"}}, {"model": "auth.permission", "pk": 29, "fields": {"name": "Can add group", "content_type": 8, "codename": "add_group"}}, {"model": "auth.permission", "pk": 30, "fields": {"name": "Can change group", "content_type": 8, "codename": "change_group"}}, {"model": "auth.permission", "pk": 31, "fields": {"name": "Can delete group", "content_type": 8, "codename": "delete_group"}}, {"model": "auth.permission", "pk": 32, "fields": {"name": "Can view group", "content_type": 8, "codename": "view_group"}}, {"model": "auth.permission", "pk": 33, "fields": {"name": "Can add user", "content_type": 9, "codename": "add_user"}}, {"model": "auth.permission", "pk": 34, "fields": {"name": "Can change user", "content_type": 9, "codename": "change_user"}}, {"model": "auth.permission", "pk": 35, "fields": {"name": "Can delete user", "content_type": 9, "codename": "delete_user"}}, {"model": "auth.permission", "pk": 36, "fields": {"name": "Can view user", "content_type": 9, "codename": "view_user"}}, {"model": "auth.permission", "pk": 37, "fields": {"name": "Can add content type", "content_type": 10, "codename": "add_contenttype"}}, {"model": "auth.permission", "pk": 38, "fields": {"name": "Can change content type", "content_type": 10, "codename": "change_contenttype"}}, {"model": "auth.permission", "pk": 39, "fields": {"name": "Can delete content type", "content_type": 10, "codename": "delete_contenttype"}}, {"model": "auth.permission", "pk": 40, "fields": {"name": "Can view content type", "content_type": 10, "codename": "view_contenttype"}}, {"model": "auth.permission", "pk": 41, "fields": {"name": "Can add session", "content_type": 11, "codename": "add_session"}}, {"model": "auth.permission", "pk": 42, "fields": {"name": "Can change session", "content_type": 11, "codename": "change_session"}}, {"model": "auth.permission", "pk": 43, "fields": {"name": "Can delete session", "content_type": 11, "codename": "delete_session"}}, {"model": "auth.permission", "pk": 44, "fields": {"name": "Can view session", "content_type": 11, "codename": "view_session"}}, {"model": "auth.permission", "pk": 45, "fields": {"name": "Can add correspondance", "content_type": 12, "codename": "add_correspondance"}}, {"model": "auth.permission", "pk": 46, "fields": {"name": "Can change correspondance", "content_type": 12, "codename": "change_correspondance"}}, {"model": "auth.permission", "pk": 47, "fields": {"name": "Can delete correspondance", "content_type": 12, "codename": "delete_correspondance"}}, {"model": "auth.permission", "pk": 48, "fields": {"name": "Can view correspondance", "content_type": 12, "codename": "view_correspondance"}}, {"model": "auth.user", "pk": 1, "fields": {"password": "pbkdf2_sha256$600000$9m2uf3aEIJaBub0lxyEnTS$jrbTrwlWn3j4g9WeuY6x58PBJxuuw+kGX6mHxqOUBNM=", "last_login": "2024-05-06T14:35:48.874Z", "is_superuser": true, "username": "rayene.hassan", "first_name": "Rayene", "last_name": "Hassan", "email": "rayene.hass@gmail.com", "is_staff": true, "is_active": true, "date_joined": "2024-04-22T14:39:52Z", "groups": [], "user_permissions": []}}, {"model": "auth.user", "pk": 2, "fields": {"password": "pbkdf2_sha256$600000$LMBzClBPEMVm3jUtyVYPmI$9q06utWr670YV+dI3DcoV4zBdlEw+rCUJHDq2dqVZac=", "last_login": "2024-05-06T14:30:39.326Z", "is_superuser": false, "username": "bababoy", "first_name": "Baba", "last_name": "Boy", "email": "bababoy@gmail.com", "is_staff": false, "is_active": true, "date_joined": "2024-04-22T14:55:56Z", "groups": [], "user_permissions": []}}, {"model": "auth.user", "pk": 3, "fields": {"password": "pbkdf2_sha256$600000$VnmLqKL9QyLgOl33S1nfyo$ppXdhzYnQBAfvX1R3vYXqbDrVOEtczwN4KCTk4VK5tM=", "last_login": null, "is_superuser": true, "username": "rayene", "first_name": "", "last_name": "", "email": "rayene@gmail.com", "is_staff": true, "is_active": true, "date_joined": "2024-04-25T08:41:22.030Z", "groups": [], "user_permissions": []}}, {"model": "auth.user", "pk": 6, "fields": {"password": "pbkdf2_sha256$600000$oWiMJZChsgvgIDbeGjUcEF$mlA2JXRiiCiPdmSMcEvTmCd/JgARQUG9daSqJNHnqNg=", "last_login": "2024-04-26T02:22:40.794Z", "is_superuser": false, "username": "testuser", "first_name": "", "last_name": "", "email": "", "is_staff": false, "is_active": true, "date_joined": "2024-04-26T02:22:35.950Z", "groups": [], "user_permissions": []}}, {"model": "auth.user", "pk": 7, "fields": {"password": "pbkdf2_sha256$600000$SRqlPUKKOORqeskAbAh3Ou$AFrbCMKS/WcLPrIJk3l+S4d29i2Mp5pYWqcwpF4TeYw=", "last_login": "2024-04-26T03:24:52.496Z", "is_superuser": false, "username": "testuser2", "first_name": "Test", "last_name": "User", "email": "testuser2@gmail.com", "is_staff": false, "is_active": true, "date_joined": "2024-04-26T02:36:09.868Z", "groups": [], "user_permissions": []}}, {"model": "auth.user", "pk": 8, "fields": {"password": "pbkdf2_sha256$600000$G40HCkbKeGD2ST2qPctwn2$JzC4WteN2jz1kAzn6D4+e5GOrehNjiT0X8NciDxsuOo=", "last_login": "2024-04-26T03:41:26.047Z", "is_superuser": false, "username": "coluzo", "first_name": "Loris", "last_name": "Giraud", "email": "coluzo@gmail.com", "is_staff": false, "is_active": true, "date_joined": "2024-04-26T03:27:52.392Z", "groups": [], "user_permissions": []}}, {"model": "auth.user", "pk": 9, "fields": {"password": "pbkdf2_sha256$600000$TeIftohIy1wpZ0oTKufcX6$9BiACZadznoInFPpRsRLNSxdEGWz++i/+zYoTAoq/d8=", "last_login": "2024-05-06T09:23:52.135Z", "is_superuser": false, "username": "test1", "first_name": "aa", "last_name": "bb", "email": "testuser2@gmail.com", "is_staff": false, "is_active": true, "date_joined": "2024-05-06T09:19:15.329Z", "groups": [], "user_permissions": []}}, {"model": "auth.user", "pk": 10, "fields": {"password": "pbkdf2_sha256$600000$nthshL3fR9RJiEneZtNn8d$/efWcdARBaNopxybwJnV9kxIraWHzJTIALcyqmKRS0U=", "last_login": "2024-05-06T22:58:31.588Z", "is_superuser": false, "username": "marie_david", "first_name": "Marie", "last_name": "David", "email": "marie.david@gmail.com", "is_staff": false, "is_active": true, "date_joined": "2024-05-06T14:44:01.360Z", "groups": [], "user_permissions": []}}, {"model": "contenttypes.contenttype", "pk": 1, "fields": {"app_label": "reservationhub", "model": "gare"}}, {"model": "contenttypes.contenttype", "pk": 2, "fields": {"app_label": "reservationhub", "model": "trajet"}}, {"model": "contenttypes.contenttype", "pk": 3, "fields": {"app_label": "reservationhub", "model": "passager"}}, {"model": "contenttypes.contenttype", "pk": 4, "fields": {"app_label": "reservationhub", "model": "client"}}, {"model": "contenttypes.contenttype", "pk": 5, "fields": {"app_label": "reservationhub", "model": "reservation"}}, {"model": "contenttypes.contenttype", "pk": 6, "fields": {"app_label": "admin", "model": "logentry"}}, {"model": "contenttypes.contenttype", "pk": 7, "fields": {"app_label": "auth", "model": "permission"}}, {"model": "contenttypes.contenttype", "pk": 8, "fields": {"app_label": "auth", "model": "group"}}, {"model": "contenttypes.contenttype", "pk": 9, "fields": {"app_label": "auth", "model": "user"}}, {"model": "contenttypes.contenttype", "pk": 10, "fields": {"app_label": "contenttypes", "model": "contenttype"}}, {"model": "contenttypes.contenttype", "pk": 11, "fields": {"app_label": "sessions", "model": "session"}}, {"model": "contenttypes.contenttype", "pk": 12, "fields": {"app_label": "reservationhub", "model": "correspondance"}}, {"model": "sessions.session", "pk": "c2fv92o8uv86ojwj1esgbo538oo0p2m1", "fields": {"session_data": ".eJxVjMEOwiAQRP-FsyFkobB49O43EJYFqRqalPbU-O-2SQ-auc17M5sIcV1qWHuew8jiKkBcfjuK6ZXbAfgZ22OSaWrLPJI8FHnSLu8T5_ftdP8Oaux1XxerNWpntPF7rOUEHpkMK2JSg2IXNQ4AUIqJYLkgOk1ZZUzGeXTi8wXASTcx:1ryvO4:_zyXO5ScAa2-t9TfhDZpWM-oUIaUiIyUcYIvxrtU34k", "expire_date": "2024-05-06T15:15:20.661Z"}}, {"model": "sessions.session", "pk": "ghap5xsr0o58jq2rq5qmzrax0eubppxz", "fields": {"session_data": "e30:1s0BCh:qw0V0rqQzR1Yc6C8wPR2rKqlj8TqlKRajbP7vRxtxYs", "expire_date": "2024-05-10T02:20:47.184Z"}}, {"model": "sessions.session", "pk": "jwkfam11a7fijost6mkbbo2h7uqux6f6", "fields": {"session_data": ".eJxVjMEOwiAQRP-FsyELBSwevfsNZJfdStXQpLQn478bkh70OPPezFsl3LeS9iZrmlldlAF1-i0J81NqJ_zAel90Xuq2zqS7og_a9G1heV0P9--gYCt9nVn85Awjkh-kB2CIZCGGaaBIzlvPgHhGEDIIDiCHUUZAiDZY9fkCO484mQ:1s47Hz:8glYPeLED8DA_bQZNbMF4VZoioKNt4iIFlZeRlUfzzE", "expire_date": "2024-05-20T22:58:31.599Z"}}]